<?xml version="1.0" encoding="ISO-8859-1"?>
<metadata>
	<idinfo>
		<citation>
			<citeinfo>
				<origin>National Imagery and Mapping Agency of the United States (NIMA).  1997. VMAP_1V10 - Vector Map Level 0 (Digital Chart of the World). Washington, DC: NIMA.</origin>
				<pubdate>1997</pubdate>
				<title>Permanent and intermittant rivers in Kenya</title>
				<geoform Sync="TRUE">vector digital data</geoform>
				<pubinfo>
					<publish>National Imagery and Mapping Agency of the United States (NIMA)</publish>
					<pubplace>Washington, DC</pubplace></pubinfo>
				<lworkcit>
					<citeinfo>
						<origin>World Resources Institute</origin>
						<origin>Kenya Central Bureau of Statistics</origin>
						<origin>International Livestock Research Institute</origin>
						<pubdate>2007</pubdate>
						<title>Nature's Benefits in Kenya: An Atlas of Ecosystems and Human Well-Being</title>
						<onlink>http://www.wri.org/biodiv/pubs_description.cfm?pid=4279</onlink></citeinfo>
				</lworkcit>
				<ftname Sync="TRUE">ke_major-rivers</ftname><onlink Sync="TRUE">\\WRICSAP029333\GIS\Working\Poverty_mapping_East_Africa\Map_files_posters_NEW\Final_products\Data_CD\Metadata_Oct23\Shapefiles\ke_major-rivers.shp</onlink></citeinfo>
		</citation>
		<descript>
			<abstract>This dataset portrays permanent and non-permanent rivers in Kenya.</abstract>
			<purpose>This data was used in maps featured in Natures Benefits in Kenya: An Atlas of Ecosystems and Human Well-Being.</purpose>
			<langdata Sync="TRUE">en</langdata><supplinf>Original data are available at http://mapping.usgs.gov/esic/cdrom/vmap.html.</supplinf></descript>
		<timeperd>
			<timeinfo>
				<sngdate>
					<caldate>1997</caldate>
				</sngdate>
			</timeinfo>
			<current>publication date</current>
		</timeperd>
		<status>
			<progress>Complete</progress>
			<update>None planned</update>
		</status>
		<spdom>
			<bounding>
				<westbc Sync="TRUE">33.953827</westbc>
				<eastbc Sync="TRUE">41.907708</eastbc>
				<northbc Sync="TRUE">5.424670</northbc>
				<southbc Sync="TRUE">-4.652759</southbc>
			</bounding>
			<lboundng><leftbc Sync="TRUE">33.953827</leftbc><rightbc Sync="TRUE">41.907708</rightbc><bottombc Sync="TRUE">-4.652759</bottombc><topbc Sync="TRUE">5.424670</topbc></lboundng></spdom>
		<keywords>
			<theme>
				<themekey>Rivers</themekey>
				<themekt>REQUIRED: Reference to a formally registered thesaurus or a similar authoritative source of theme keywords.</themekt><themekey>inlandWaters</themekey></theme>
			<place>
				<placekt>None</placekt>
				<placekey>Kenya</placekey>
				<placekey>Africa</placekey>
			</place>
		</keywords>
		<accconst>None</accconst>
		<useconst>Data set is not for use in litigation. While efforts have been made to ensure that these data are accurate and reliable within the state of the art, WRI, cannot assume liability for any damages, or misrepresentations, caused by any inaccuracies in the data, or as a result of the data to be used on a particular system. WRI makes no warranty, expressed or implied, nor does the fact of distribution constitute such a warranty.</useconst>
		<ptcontac>
			<cntinfo>
				<cntorgp>
					<cntorg>World Resources Institute</cntorg>
				</cntorgp>
				<cntpos>GIS Lab Manager</cntpos>
				<cntaddr>
					<addrtype>mailing and physical address</addrtype>
					<address>10 G Street NE Suite 800</address>
					<city>Washington</city>
					<state>DC</state>
					<postal>20002</postal>
					<country>U.S.A</country>
				</cntaddr>
				<cntvoice>202-729-7600</cntvoice>
				<cntfax>202-729-7686</cntfax>
			</cntinfo>
		</ptcontac>
		<native Sync="TRUE">Microsoft Windows XP Version 5.1 (Build 2600) Service Pack 2; ESRI ArcCatalog 9.2.0.1324</native>
		<natvform Sync="TRUE">Shapefile</natvform></idinfo>
	<dataqual>
		<posacc>
			<horizpa>
				<qhorizpa></qhorizpa>
			</horizpa>
		</posacc>
		<lineage>
			<srcinfo>
				<srccite>
					<citeinfo>
						<origin>National Imagery and Mapping Agency of the United States (NIMA)</origin>
						<origin>&lt;additional citation, if needed&gt;</origin>
						<origin>&lt;additional citation, if needed&gt;</origin>
						<pubdate>1997</pubdate>
						<title>VMAP_1V10 - Vector Map Level 0 (Digital Chart of the World)</title>
						<pubinfo><pubplace>Washington, DC</pubplace><publish>NIMA</publish></pubinfo>
						<lworkcit>
							<citeinfo></citeinfo>
						</lworkcit>
					</citeinfo>
				</srccite>
				<srctime>
					<timeinfo>
						<sngdate></sngdate>
					</timeinfo>
				</srctime>
			</srcinfo>
		</lineage>
	</dataqual>
	<spdoinfo>
		<direct Sync="TRUE">Vector</direct>
		<ptvctinf>
			<sdtsterm Name="ke_major-rivers">
				<sdtstype Sync="TRUE">String</sdtstype>
				<ptvctcnt Sync="TRUE">2976</ptvctcnt>
			</sdtsterm>
			<esriterm Name="ke_major-rivers"><efeatyp Sync="TRUE">Simple</efeatyp><efeageom Sync="TRUE">Polyline</efeageom><esritopo Sync="TRUE">FALSE</esritopo><efeacnt Sync="TRUE">2976</efeacnt><spindex Sync="TRUE">FALSE</spindex><linrefer Sync="TRUE">FALSE</linrefer></esriterm></ptvctinf>
	</spdoinfo>
	<spref>
		<horizsys>
			<geograph>
				<latres Sync="TRUE">0.000000</latres>
				<longres Sync="TRUE">0.000000</longres>
				<geogunit Sync="TRUE">Decimal degrees</geogunit>
			</geograph>
			<geodetic>
				<horizdn Sync="TRUE">North American Datum of 1927</horizdn>
				<ellips Sync="TRUE">Clarke 1866</ellips>
				<semiaxis Sync="TRUE">6378206.400000</semiaxis>
				<denflat Sync="TRUE">294.978698</denflat>
			</geodetic>
			<cordsysn><geogcsn Sync="TRUE">GCS_Assumed_Geographic_1</geogcsn></cordsysn></horizsys>
	</spref>
	<eainfo>
		<detailed Name="ke_major-rivers">
			<enttyp>
				<enttypl Sync="TRUE">ke_major-rivers</enttypl>
				<enttypt Sync="TRUE">Feature Class</enttypt><enttypc Sync="TRUE">2976</enttypc></enttyp>
			<attr>
				<attrlabl>Shape</attrlabl>
				<attrdef>Feature geometry.</attrdef>
				<attrdefs>ESRI</attrdefs>
				<attrdomv>
					<udom>Coordinates defining the features.</udom>
				</attrdomv>
			</attr>
			<attr>
				<attrlabl>FID</attrlabl>
				<attrdef>Internal feature number.</attrdef>
				<attrdefs>ESRI</attrdefs>
				<attrdomv>
					<udom>Sequential unique whole numbers that are automatically generated.</udom>
				</attrdomv>
			</attr>
			<attr>
				<attrlabl>DCW_ID</attrlabl>
				<attrtype Sync="TRUE">Number</attrtype><attwidth Sync="TRUE">1</attwidth><attrdef>DCW code</attrdef></attr>
			<attr>
				<attrlabl>Descriptio</attrlabl>
				<attrtype Sync="TRUE">String</attrtype><attwidth Sync="TRUE">50</attwidth><attrdef>DCW code description</attrdef></attr>
		</detailed>
		<overview></overview>
	</eainfo>
	<distinfo>
		<distrib>
			<cntinfo>
				<cntorgp>
					<cntorg>World Resources Institute</cntorg>
				</cntorgp>
				<cntaddr>
					<addrtype>mailing and physical address</addrtype>
					<address>World Resources Institute</address>
					<city>Washington</city>
					<state>DC</state>
					<postal>20002</postal>
					<country>USA</country>
				</cntaddr>
				<cntvoice>202-729-7600</cntvoice>
				<cntfax>202-729-7686</cntfax>
				<cntemail></cntemail>
			</cntinfo>
		</distrib>
		<resdesc>Downloadable Data</resdesc>
		<stdorder>
			<digform>
				<digtinfo>
					<transize>6.717</transize>
					<dssize Sync="TRUE">0.546</dssize></digtinfo>
			</digform>
		</stdorder>
	</distinfo>
	<metainfo>
		<metd Sync="TRUE">20071025</metd>
		<metc>
			<cntinfo>
				<cntorgp>
					<cntorg>World Resources Institute</cntorg>
				</cntorgp>
				<cntpos>GIS Lab Manager</cntpos>
				<cntaddr>
					<addrtype>mailing and physical address</addrtype>
					<address>10 G Street NE, Suite 800</address>
					<city>Washington</city>
					<state>DC</state>
					<postal>20002</postal>
					<country>U.S.A</country>
				</cntaddr>
				<cntvoice>202-729-7600</cntvoice>
				<cntfax>202-279-7686</cntfax>
			</cntinfo>
		</metc>
		<metstdn Sync="TRUE">FGDC Content Standards for Digital Geospatial Metadata</metstdn>
		<metstdv Sync="TRUE">FGDC-STD-001-1998</metstdv>
		<mettc Sync="TRUE">local time</mettc>
		<metextns>
			<onlink>http://www.esri.com/metadata/esriprof80.html</onlink>
			<metprof>ESRI Metadata Profile</metprof>
		</metextns>
		<metextns>
			<onlink>http://www.esri.com/metadata/esriprof80.html</onlink>
			<metprof>ESRI Metadata Profile</metprof>
		</metextns>
		<metextns>
			<onlink>http://www.esri.com/metadata/esriprof80.html</onlink>
			<metprof>ESRI Metadata Profile</metprof>
		</metextns>
		<langmeta Sync="TRUE">en</langmeta><metextns><onlink Sync="TRUE">http://www.esri.com/metadata/esriprof80.html</onlink><metprof Sync="TRUE">ESRI Metadata Profile</metprof></metextns></metainfo>
	<Esri><MetaID>{3A275D88-9DFB-4B38-B18E-D615DDB01A18}</MetaID><CreaDate>20070516</CreaDate><CreaTime>15062900</CreaTime><SyncOnce>FALSE</SyncOnce><SyncDate>20071025</SyncDate><SyncTime>15430000</SyncTime><ModDate>20071025</ModDate><ModTime>15430000</ModTime></Esri><dataIdInfo><envirDesc Sync="TRUE">Microsoft Windows XP Version 5.1 (Build 2600) Service Pack 2; ESRI ArcCatalog 9.2.0.1324</envirDesc><dataLang><languageCode Sync="TRUE" value="en"></languageCode></dataLang><idCitation><resTitle Sync="TRUE">ke_major-rivers</resTitle><presForm><PresFormCd Sync="TRUE" value="005"></PresFormCd></presForm></idCitation><spatRpType><SpatRepTypCd Sync="TRUE" value="001"></SpatRepTypCd></spatRpType><dataExt><geoEle><GeoBndBox esriExtentType="native"><westBL Sync="TRUE">33.953827</westBL><eastBL Sync="TRUE">41.907708</eastBL><northBL Sync="TRUE">5.42467</northBL><southBL Sync="TRUE">-4.652759</southBL><exTypeCode Sync="TRUE">1</exTypeCode></GeoBndBox></geoEle></dataExt><geoBox esriExtentType="decdegrees"><westBL Sync="TRUE">33.953827</westBL><eastBL Sync="TRUE">41.907708</eastBL><northBL Sync="TRUE">5.42467</northBL><southBL Sync="TRUE">-4.652759</southBL><exTypeCode Sync="TRUE">1</exTypeCode></geoBox></dataIdInfo><mdLang><languageCode Sync="TRUE" value="en"></languageCode></mdLang><mdStanName Sync="TRUE">ISO 19115 Geographic Information - Metadata</mdStanName><mdStanVer Sync="TRUE">DIS_ESRI1.0</mdStanVer><mdChar><CharSetCd Sync="TRUE" value="004"></CharSetCd></mdChar><mdHrLv><ScopeCd Sync="TRUE" value="005"></ScopeCd></mdHrLv><mdHrLvName Sync="TRUE">dataset</mdHrLvName><distInfo><distributor><distorTran><onLineSrc><orDesc Sync="TRUE">002</orDesc><linkage Sync="TRUE">file://\\WRICSAP029333\GIS\Working\Poverty_mapping_East_Africa\Map_files_posters_NEW\Final_products\Data_CD\Metadata_Oct23\Shapefiles\ke_major-rivers.shp</linkage><protocol Sync="TRUE">Local Area Network</protocol></onLineSrc><transSize Sync="TRUE">0.546</transSize></distorTran><distorFormat><formatName Sync="TRUE">Shapefile</formatName></distorFormat></distributor></distInfo><refSysInfo><RefSystem><refSysID><identCode Sync="TRUE">GCS_Assumed_Geographic_1</identCode></refSysID></RefSystem></refSysInfo><spatRepInfo><VectSpatRep><topLvl><TopoLevCd Sync="TRUE" value="001"></TopoLevCd></topLvl><geometObjs Name="ke_major-rivers"><geoObjTyp><GeoObjTypCd Sync="TRUE" value="001"></GeoObjTypCd></geoObjTyp><geoObjCnt Sync="TRUE">2976</geoObjCnt></geometObjs></VectSpatRep></spatRepInfo><mdDateSt Sync="TRUE">20071025</mdDateSt></metadata>
